{"cameraMode":{"drawMode":0,"name":"Shaded","section":"Shading Mode"},"sceneLighting":true,"audioPlay":false,"sceneViewState":{"m_AlwaysRefresh":false,"showFog":true,"showSkybox":true,"showFlares":true,"showImageEffects":true,"showParticleSystems":true,"showVisualEffectGraphs":true,"m_FxEnabled":true},"in2DMode":false,"pivot":{"x":-0.9910796284675598,"y":0.9099129438400269,"z":-24.573104858398439},"rotation":{"x":-0.07384392619132996,"y":-0.37070491909980776,"z":0.03012738563120365,"w":-0.9256867170333862},"size":2.246786594390869,"orthographic":false}