{"cameraMode":{"drawMode":0,"name":"Shaded","section":"Shading Mode"},"sceneLighting":true,"audioPlay":false,"sceneViewState":{"m_AlwaysRefresh":false,"showFog":true,"showSkybox":true,"showFlares":true,"showImageEffects":true,"showParticleSystems":true,"showVisualEffectGraphs":true,"m_FxEnabled":true},"in2DMode":false,"pivot":{"x":6.685166358947754,"y":114.5775146484375,"z":-133.17958068847657},"rotation":{"x":-0.33816325664520266,"y":0.02103406749665737,"z":-0.006406121887266636,"w":-0.9414917230606079},"size":0.7203509211540222,"orthographic":false}