{"cameraMode":{"drawMode":0,"name":"Shaded","section":"Shading Mode"},"sceneLighting":true,"audioPlay":false,"sceneViewState":{"m_AlwaysRefresh":false,"showFog":true,"showSkybox":true,"showFlares":true,"showImageEffects":true,"showParticleSystems":true,"showVisualEffectGraphs":true,"m_FxEnabled":true},"in2DMode":false,"pivot":{"x":-12.979681968688965,"y":42.94369888305664,"z":-25.067420959472658},"rotation":{"x":-0.30825135111808779,"y":0.30393821001052859,"z":-0.10432228446006775,"w":-0.8955902457237244},"size":0.42374080419540408,"orthographic":false}