{"cameraMode":{"drawMode":0,"name":"Shaded","section":"Shading Mode"},"sceneLighting":true,"audioPlay":false,"sceneViewState":{"m_AlwaysRefresh":false,"showFog":true,"showSkybox":true,"showFlares":true,"showImageEffects":true,"showParticleSystems":true,"showVisualEffectGraphs":true,"m_FxEnabled":true},"in2DMode":false,"pivot":{"x":-0.27125921845436098,"y":1.7676528692245484,"z":-15.022478103637696},"rotation":{"x":-0.0005921598640270531,"y":1.0002636909484864,"z":-0.020318973809480668,"w":0.0037672435864806177},"size":0.8660253882408142,"orthographic":false}